image_id,category,attack_family,attack_name,attack_parameter,suspect_path,watermark_score,provenance_score,exact_hash_match,forensic_score,semantic_score,cosine_similarity,acs,decision,ssim,difference_score,histogram_score,edge_score,suspicious_region_ratio,evidence_agreement,semantic_integrity_risk,alignment_method
H1,Unknown,control,control_exact,exact_byte_copy,research_experiments\H1\control\H1_control_exact.png,0.99609375,1.0,True,1.0,0.9996178150177002,0.9992356300354004,0.9989087820053101,Archive-consistent with low semantic risk,1.0,1.0,1.0,1.0,0.0,0.996712571556088,0.0,orb_homography
H1,Unknown,jpeg,jpeg_q95,95,research_experiments\H1\jpeg\H1_jpeg_q95.jpg,0.9931640625,0.0,False,0.9894390918415464,0.988616406917572,0.977232813835144,0.7427637560685809,Mixed archival consistency,0.9930250024325765,0.9884225845336914,0.9998725378609197,0.9699420928955078,0.0,0.10670696019080944,0.19407329857349398,orb_homography
H1,Unknown,jpeg,jpeg_q75,75,research_experiments\H1\jpeg\H1_jpeg_q75.jpg,0.935546875,0.0,False,0.9654069697727082,0.9812161922454834,0.9624323844909668,0.7213329703781867,Mixed archival consistency,0.9716461448783084,0.9716987133026123,0.9991281422362307,0.9024820327758789,0.000537872314453125,0.12550721473081777,0.19569453716278076,orb_homography
H1,Unknown,jpeg,jpeg_q50,50,research_experiments\H1\jpeg\H1_jpeg_q50.jpg,0.6123046875,0.0,False,0.9284548200321889,0.9697166681289673,0.9394333362579346,0.6296821363201279,Mixed archival consistency,0.9178174190058327,0.954833698272705,0.9911826343022379,0.8536744117736816,0.00408935546875,0.1682430553520166,0.19733000129461287,orb_homography
H1,Unknown,jpeg,jpeg_q25,25,research_experiments\H1\jpeg\H1_jpeg_q25.jpg,0.4814453125,0.0,False,0.9033922247011893,0.9607176780700684,0.9214353561401367,0.5892550764862583,Low technical consistency with limited semantic concentration,0.8911645660151387,0.9435409545898438,0.9761485654196658,0.8004043102264404,0.01323699951171875,0.17124572544385083,0.21530213713645935,orb_homography
H1,Unknown,crop,crop_10,10%_area_removed,research_experiments\H1\crop\H1_crop_10.png,0.529296875,0.0,False,0.965458059976098,0.9876480400562286,0.9752960801124573,0.6217102427620882,Mixed archival consistency,0.9654408583198375,0.9730526447296143,0.9936494009868944,0.9246606826782227,0.0033416748046875,0.14666615311000142,0.17882535457611085,orb_homography
H1,Unknown,crop,crop_25,25%_area_removed,research_experiments\H1\crop\H1_crop_25.png,0.5078125,0.0,False,0.9563575950248644,0.9679794013500214,0.9359588027000427,0.6086184644099792,Mixed archival consistency,0.9531291482416232,0.9677836894989014,0.9938347446112212,0.909522294998169,0.003326416015625,0.15440379572277166,0.17618568688631056,orb_homography
H1,Unknown,crop,crop_50,50%_area_removed,research_experiments\H1\crop\H1_crop_50.png,0.486328125,0.0,False,0.7519969305665164,0.9435511827468872,0.8871023654937744,0.5550467721873694,Low technical consistency with limited semantic concentration,0.7734194893455235,0.664918327331543,0.7495920305807009,0.8352651596069336,0.07170486450195312,0.21852707321819487,0.26942569257691507,orb_homography
H1,Unknown,resize,resize_050,scale_0.5;interpolation_INTER_LINEAR,research_experiments\H1\resize\H1_resize_050.png,0.4716796875,0.0,False,0.8936638888465116,0.9920588135719299,0.9841176271438599,0.5942703437158813,Low technical consistency with limited semantic concentration,0.8792687246976771,0.9369775295257569,0.9883300869639945,0.769993782043457,0.039966583251953125,0.1613761012039201,0.26239608198404313,orb_homography
H1,Unknown,resize,resize_075,scale_0.75;interpolation_INTER_LINEAR,research_experiments\H1\resize\H1_resize_075.png,0.490234375,0.0,False,0.9303976626880617,0.9923914670944214,0.9847829341888428,0.6063555664159388,Mixed archival consistency,0.9217587909910552,0.9548863887786865,0.9931957330118213,0.8527016639709473,0.01586151123046875,0.15228257532111478,0.2128976069390774,orb_homography
H1,Unknown,resize,resize_150,scale_1.5;interpolation_INTER_LINEAR,research_experiments\H1\resize\H1_resize_150.png,0.890625,0.0,False,0.9721840415023673,0.9985183477401733,0.9970366954803467,0.7166485626225254,Mixed archival consistency,0.977821301323289,0.9745702743530273,0.9954747455407468,0.9280045032501221,0.000850677490234375,0.12763782330998522,0.19195786282420157,orb_homography
H1,Unknown,rotation,rotate_2,2_degrees;border_BORDER_REFLECT_101,research_experiments\H1\rotation\H1_rotate_2.png,0.5341796875,0.0,False,0.9525482548319926,0.9896067976951599,0.9792135953903198,0.6209366121499464,Mixed archival consistency,0.9516231994155188,0.965129041671753,0.9925441092240922,0.8943595886230469,0.007076263427734375,0.15048802932130462,0.19551035046577453,orb_homography
H1,Unknown,rotation,rotate_5,5_degrees;border_BORDER_REFLECT_101,research_experiments\H1\rotation\H1_rotate_5.png,0.4814453125,0.0,False,0.9536223164555185,0.9812456667423248,0.9624913334846497,0.6054594914388012,Mixed archival consistency,0.953171938452546,0.9656194686889649,0.992356225706699,0.8962442874908447,0.006740570068359375,0.14794772044056864,0.19308713525533677,orb_homography
H1,Unknown,rotation,rotate_10,10_degrees;border_BORDER_REFLECT_101,research_experiments\H1\rotation\H1_rotate_10.png,0.4697265625,0.0,False,0.9518555820054184,0.9700412452220917,0.9400824904441833,0.5988151305927112,Low technical consistency with limited semantic concentration,0.9512618665375041,0.9645787715911865,0.9919215388108585,0.8923654556274414,0.00738525390625,0.1510854347577841,0.1928419491648674,orb_homography
H1,Unknown,blur,blur_sigma1,sigma_1,research_experiments\H1\blur\H1_blur_sigma1.png,0.4736328125,0.0,False,0.9040040577079815,0.9920653700828552,0.9841307401657104,0.5968286256914529,Low technical consistency with limited semantic concentration,0.8896340312468498,0.9402053833007813,0.9879586317589492,0.8028240203857422,0.0337371826171875,0.15855811299141462,0.25198394536972046,orb_homography
H1,Unknown,blur,blur_sigma3,sigma_3,research_experiments\H1\blur\H1_blur_sigma3.png,0.466796875,0.0,False,0.7765708662930628,0.9374471306800842,0.8748942613601685,0.5532475312126378,Low technical consistency with limited semantic concentration,0.6867052698589752,0.8770122051239013,0.9834684430610308,0.671867847442627,0.0537261962890625,0.21398324342575942,0.2934176912903786,orb_homography
H1,Unknown,blur,blur_sigma5,sigma_5,research_experiments\H1\blur\H1_blur_sigma5.png,0.4677734375,0.0,False,0.7235076222523206,0.913002222776413,0.8260044455528259,0.5355455506583879,Low technical consistency with limited semantic concentration,0.5919812025759009,0.838528060913086,0.9766154406760325,0.6732783317565918,0.054973602294921875,0.23645736276090748,0.30180714264512065,orb_homography
H1,Unknown,brightness,brightness_minus20,-20,research_experiments\H1\brightness\H1_brightness_minus20.png,0.9931640625,0.0,False,0.877685795731802,0.9978078305721283,0.9956156611442566,0.7231705239429989,Mixed archival consistency,0.9824415195269964,0.7505566120147705,0.6559532737380802,0.9970331192016602,0.0002593994140625,0.12473725545545372,0.3053586907684803,orb_homography
H1,Unknown,brightness,brightness_plus20,20,research_experiments\H1\brightness\H1_brightness_plus20.png,0.9892578125,0.0,False,0.8794308297401212,0.9978477954864502,0.9956955909729004,0.7225549577189593,Mixed archival consistency,0.9873916663013909,0.7519632339477539,0.655985323447775,0.9914398193359375,0.00031280517578125,0.1254377354503673,0.3052139256894589,orb_homography
H1,Unknown,brightness,brightness_plus40,40,research_experiments\H1\brightness\H1_brightness_plus40.png,0.9765625,0.0,False,0.8002805636642697,0.9928759634494781,0.9857519268989563,0.7020595267676973,Mixed archival consistency,0.9551950761212845,0.509913969039917,0.6442508402652539,0.9755110740661621,0.0,0.13973310493347496,0.3041469685733318,orb_homography
H1,Unknown,contrast,contrast_075,0.75,research_experiments\H1\contrast\H1_contrast_075.png,0.9033203125,0.0,False,0.8132517195598137,0.9954600930213928,0.9909201860427856,0.6871184499433807,Mixed archival consistency,0.937342848982084,0.5826779842376709,0.6798127539491284,0.9587068557739258,0.029582977294921875,0.1549293827909386,0.3638666491955519,orb_homography
H1,Unknown,contrast,contrast_125,1.25,research_experiments\H1\contrast\H1_contrast_125.png,0.9013671875,0.0,False,0.8195422085256229,0.9907028079032898,0.9814056158065796,0.6864610809511116,Mixed archival consistency,0.9601603699937628,0.6163496971130371,0.6197571709315146,0.9361269474029541,0.000244140625,0.15593840010688276,0.3102530898153782,orb_homography
H1,Unknown,contrast,contrast_150,1.5,research_experiments\H1\contrast\H1_contrast_150.png,0.6259765625,0.0,False,0.6770212720595692,0.9746576547622681,0.9493153095245361,0.5842956914655942,Low technical consistency with limited semantic concentration,0.8723545447794694,0.303723669052124,0.5246391439764045,0.8655662536621094,7.62939453125e-06,0.217957923164251,0.30554329477250575,orb_homography
H1,Unknown,patch,patch_05,5%_center_area_blurred,research_experiments\H1\patch\H1_patch_05.png,0.970703125,0.0,False,0.9746281478364769,0.9904866218566895,0.9809732437133789,0.7347473973743022,Mixed archival consistency,0.9648228167323614,0.9859774112701416,0.9994692789758236,0.9602875709533691,0.02333831787109375,0.11427969572147689,0.283326348811388,orb_homography
H1,Unknown,patch,patch_10,10%_center_area_blurred,research_experiments\H1\patch\H1_patch_10.png,0.93359375,0.0,False,0.9440777484185668,0.9754869937896729,0.9509739875793457,0.7148600853206153,Mixed archival consistency,0.9221259345185212,0.9666590213775634,0.9977215186092718,0.9186539649963379,0.051181793212890625,0.13184045684874324,0.32702194631099707,orb_homography
H1,Unknown,patch,patch_20,20%_center_area_blurred,research_experiments\H1\patch\H1_patch_20.png,0.87890625,0.0,False,0.8909018102781653,0.9168224930763245,0.8336449861526489,0.6729536724785304,Mixed archival consistency,0.8460857550211532,0.9291774749755859,0.99091750220337,0.8615415096282959,0.06787490844726562,0.16796434559815263,0.3444168785214424,orb_homography
H2,Unknown,control,control_exact,exact_byte_copy,research_experiments\H2\control\H2_control_exact.png,0.99609375,1.0,True,1.0,0.9985731840133667,0.9971463680267334,0.99859539270401,Archive-consistent with low semantic risk,1.0,1.0,1.0,1.0,0.0,0.9968087314876736,0.0,orb_homography
H2,Unknown,jpeg,jpeg_q95,95,research_experiments\H2\jpeg\H2_jpeg_q95.jpg,0.9951171875,0.0,False,0.9909395103094469,0.9882484972476959,0.9764969944953918,0.7434417481111981,Mixed archival consistency,0.9935911094115502,0.9912315845489502,0.9999448105379235,0.9734926223754883,0.0,0.10603357204454658,0.18163693904876707,orb_homography
H2,Unknown,jpeg,jpeg_q75,75,research_experiments\H2\jpeg\H2_jpeg_q75.jpg,0.962890625,0.0,False,0.9737568549803799,0.9657103419303894,0.9314206838607788,0.7251871298251928,Mixed archival consistency,0.9766765466065153,0.9797582626342773,0.9995075322939169,0.9292447566986084,0.00012969970703125,0.12159263753545074,0.17676343485713003,orb_homography
H2,Unknown,jpeg,jpeg_q50,50,research_experiments\H2\jpeg\H2_jpeg_q50.jpg,0.5869140625,0.0,False,0.9366910318822582,0.9653392732143402,0.9306785464286804,0.6236685039657537,Mixed archival consistency,0.9144781697241139,0.9644534587860107,0.9896020753446333,0.9041478633880615,0.0012054443359375,0.16662383923510185,0.16546909660100936,orb_homography
H2,Unknown,jpeg,jpeg_q25,25,research_experiments\H2\jpeg\H2_jpeg_q25.jpg,0.5068359375,0.0,False,0.9193985528231888,0.958989679813385,0.91797935962677,0.5982855988836533,Low technical consistency with limited semantic concentration,0.8979638949633787,0.9569591045379638,0.9725506739223748,0.8679494857788086,0.004520416259765625,0.1692878357615126,0.18372911289334296,orb_homography
H2,Unknown,crop,crop_10,10%_area_removed,research_experiments\H2\crop\H2_crop_10.png,0.533203125,0.0,False,0.9706847234148306,0.9901682436466217,0.9803364872932434,0.6244881990269526,Mixed archival consistency,0.9635253886137101,0.9789448261260987,0.996161607033253,0.9529190063476562,0.002040863037109375,0.1444528573638213,0.15825665682554246,orb_homography
H2,Unknown,crop,crop_25,25%_area_removed,research_experiments\H2\crop\H2_crop_25.png,0.484375,0.0,False,0.9549951294127197,0.9771341383457184,0.9542682766914368,0.6052330173862595,Mixed archival consistency,0.9402200320689307,0.9716703414916992,0.9941416623627468,0.9323818683624268,0.002201080322265625,0.1492725925952539,0.1525938833504915,orb_homography
H2,Unknown,crop,crop_50,50%_area_removed,research_experiments\H2\crop\H2_crop_50.png,0.5029296875,0.0,False,0.9392845027068554,0.959424614906311,0.9188492298126221,0.6014167068882644,Mixed archival consistency,0.9260806701430506,0.9594533443450928,0.96862333654518,0.9159424304962158,0.010555267333984375,0.16244691646557505,0.16379946447908877,orb_homography
H2,Unknown,resize,resize_050,scale_0.5;interpolation_INTER_LINEAR,research_experiments\H2\resize\H2_resize_050.png,0.5009765625,0.0,False,0.916897392202518,0.9932309687137604,0.9864619374275208,0.6065929096796316,Mixed archival consistency,0.8944480167390754,0.955183458328247,0.9907108103819583,0.8466219902038574,0.014739990234375,0.15715388434515878,0.2002222694456577,orb_homography
H2,Unknown,resize,resize_075,scale_0.75;interpolation_INTER_LINEAR,research_experiments\H2\resize\H2_resize_075.png,0.5078125,0.0,False,0.9413477108138367,0.9875152111053467,0.9750304222106934,0.6114772304943714,Mixed archival consistency,0.9228495349086696,0.9667402267456054,0.9953568709815517,0.9005122184753418,0.00537109375,0.15241961533092024,0.17416184827685358,orb_homography
H2,Unknown,resize,resize_150,scale_1.5;interpolation_INTER_LINEAR,research_experiments\H2\resize\H2_resize_150.png,0.9248046875,0.0,False,0.9772121895967674,0.9973958134651184,0.9947916269302368,0.725862353833889,Mixed archival consistency,0.9776310558863489,0.9811572074890137,0.9969202899483494,0.9496724605560303,0.000316619873046875,0.12100200456422452,0.16854849815368655,orb_homography
H2,Unknown,rotation,rotate_2,2_degrees;border_BORDER_REFLECT_101,research_experiments\H2\rotation\H2_rotate_2.png,0.5654296875,0.0,False,0.9555422438218182,0.9834040999412537,0.9668081998825073,0.6274871006217397,Mixed archival consistency,0.9430957149169445,0.971738338470459,0.9950797512917154,0.9263508319854736,0.0030364990234375,0.15381816025227793,0.16582546055316927,orb_homography
H2,Unknown,rotation,rotate_5,5_degrees;border_BORDER_REFLECT_101,research_experiments\H2\rotation\H2_rotate_5.png,0.4892578125,0.0,False,0.9435084005777372,0.9807147979736328,0.9614295959472656,0.6052305726326372,Mixed archival consistency,0.9251479796926723,0.9677163600921631,0.993226236119593,0.9085252285003662,0.004421234130859375,0.15227297267742573,0.16508005604147913,orb_homography
H2,Unknown,rotation,rotate_10,10_degrees;border_BORDER_REFLECT_101,research_experiments\H2\rotation\H2_rotate_10.png,0.494140625,0.0,False,0.9552423515186926,0.9761529266834259,0.9523058533668518,0.6074295045587663,Mixed archival consistency,0.9446539564569749,0.9717715740203857,0.9929101073928939,0.9217910766601562,0.00301361083984375,0.15059497972619407,0.1655597145855427,orb_homography
H2,Unknown,blur,blur_sigma1,sigma_1,research_experiments\H2\blur\H2_blur_sigma1.png,0.5029296875,0.0,False,0.9235696920018396,0.9914733469486237,0.9829466938972473,0.6078883643599551,Mixed archival consistency,0.9020303909213201,0.9570068836212158,0.9910338702182739,0.8649947643280029,0.013057708740234375,0.15598739700957354,0.1966215182840824,orb_homography
H2,Unknown,blur,blur_sigma3,sigma_3,research_experiments\H2\blur\H2_blur_sigma3.png,0.501953125,0.0,False,0.8430870982697318,0.9239982664585114,0.8479965329170227,0.5713051808414997,Low technical consistency with limited semantic concentration,0.7697699186650501,0.916909122467041,0.9922176465983499,0.7908713817596436,0.060733795166015625,0.20430519806415742,0.29761545106768605,orb_homography
H2,Unknown,blur,blur_sigma5,sigma_5,research_experiments\H2\blur\H2_blur_sigma5.png,0.5087890625,0.0,False,0.8114285071251957,0.9253948926925659,0.8507897853851318,0.567101434857809,Low technical consistency with limited semantic concentration,0.7115272401138206,0.8962131977081299,0.9901262695884316,0.7911267280578613,0.060573577880859375,0.21284897009279402,0.3046928896009922,orb_homography
H2,Unknown,brightness,brightness_minus20,-20,research_experiments\H2\brightness\H2_brightness_minus20.png,0.9931640625,0.0,False,0.8567417946468048,0.9966732263565063,0.9933464527130127,0.7186413424613128,Mixed archival consistency,0.9818727286679773,0.7517995357513427,0.5232813600697788,0.989713191986084,0.002941131591796875,0.12791319818335262,0.3012176252901554,orb_homography
H2,Unknown,brightness,brightness_plus20,20,research_experiments\H2\brightness\H2_brightness_plus20.png,0.9970703125,0.0,False,0.8603577411659852,0.9981464445590973,0.9962928891181946,0.7207830597259262,Mixed archival consistency,0.9875300669959919,0.7500323295593262,0.5233660151938693,0.9997081756591797,0.0,0.12606285762324987,0.29649155266582966,orb_homography
H2,Unknown,brightness,brightness_plus40,40,research_experiments\H2\brightness\H2_brightness_plus40.png,0.9970703125,0.0,False,0.7806107942564859,0.9940955638885498,0.9881911277770996,0.7036184061428621,Mixed archival consistency,0.9580479721574243,0.5010283946990967,0.5014346090600618,0.9934461116790771,0.00072479248046875,0.13562138144269234,0.2975975643098354,orb_homography
H2,Unknown,contrast,contrast_075,0.75,research_experiments\H2\contrast\H2_contrast_075.png,0.94921875,0.0,False,0.7985706991264032,0.9945188462734222,0.9890376925468445,0.6953744812073073,Mixed archival consistency,0.9431241923946102,0.6120442867279052,0.5171105383758579,0.9572477340698242,0.055866241455078125,0.14638490527705403,0.3972021685540676,orb_homography
H2,Unknown,contrast,contrast_125,1.25,research_experiments\H2\contrast\H2_contrast_125.png,0.9111328125,0.0,False,0.8107345193765294,0.9867717325687408,0.9735434651374817,0.6859616267709281,Mixed archival consistency,0.9658954586844581,0.6250483512878418,0.5049688877823012,0.9604942798614502,0.062530517578125,0.15612950286707775,0.4084162881970405,orb_homography
H2,Unknown,contrast,contrast_150,1.5,research_experiments\H2\contrast\H2_contrast_150.png,0.5791015625,0.0,False,0.6802410399169133,0.9571371674537659,0.9142743349075317,0.5679647488445124,Low technical consistency with limited semantic concentration,0.8981930184824948,0.27040238380432124,0.474198036353951,0.9154925346374512,0.010730743408203125,0.22714595359137404,0.31473823778331284,orb_homography
H2,Unknown,patch,patch_05,5%_center_area_blurred,research_experiments\H2\patch\H2_patch_05.png,0.9736328125,0.0,False,0.9774274526926443,0.9862886071205139,0.9725772142410278,0.7347802757996831,Mixed archival consistency,0.9678087502097167,0.9867642879486084,0.9998855178050068,0.968264102935791,0.019287109375,0.11400800595998431,0.25667561024427415,orb_homography
H2,Unknown,patch,patch_10,10%_center_area_blurred,research_experiments\H2\patch\H2_patch_10.png,0.951171875,0.0,False,0.9507905316677816,0.9466882348060608,0.8933764696121216,0.7119575455253746,Mixed archival consistency,0.9282901771521891,0.9688079833984375,0.9994606792143855,0.9395923614501953,0.045246124267578125,0.13324340853988426,0.29577345252037046,orb_homography
H2,Unknown,patch,patch_20,20%_center_area_blurred,research_experiments\H2\patch\H2_patch_20.png,0.9033203125,0.0,False,0.8953200065783737,0.9090033769607544,0.8180067539215088,0.677595092528901,Mixed archival consistency,0.8492722830102207,0.9292816638946533,0.9978108003905519,0.8743696212768555,0.05591583251953125,0.16373260160412395,0.3203962801396847,orb_homography
H3,Unknown,control,control_exact,exact_byte_copy,research_experiments\H3\control\H3_control_exact.png,0.9990234375,1.0,True,1.0,0.9990602731704712,0.9981205463409424,0.9994739413261413,Archive-consistent with low semantic risk,1.0,1.0,1.0,1.0,0.0,0.9990415013657151,0.0,orb_homography
H3,Unknown,jpeg,jpeg_q95,95,research_experiments\H3\jpeg\H3_jpeg_q95.jpg,0.9990234375,0.0,False,0.989637279163631,0.9795122444629669,0.9590244889259338,0.7415369885466163,Mixed archival consistency,0.9856456013989741,0.9901734352111816,0.9995484649444879,0.9908075332641602,1.9073486328125e-05,0.10728836393072647,0.11759106233716009,orb_homography
H3,Unknown,jpeg,jpeg_q75,75,research_experiments\H3\jpeg\H3_jpeg_q75.jpg,0.9951171875,0.0,False,0.9749605596174478,0.9674414694309235,0.9348829388618469,0.7340038496277665,Mixed archival consistency,0.9616908883710944,0.9822694301605225,0.9995571011056963,0.9779915809631348,0.000705718994140625,0.11382732906566453,0.12426549397408962,orb_homography
H3,Unknown,jpeg,jpeg_q50,50,research_experiments\H3\jpeg\H3_jpeg_q50.jpg,0.529296875,0.0,False,0.9291302999079946,0.9546855986118317,0.9093711972236633,0.6045559583151484,Mixed archival consistency,0.8747909418339214,0.967191219329834,0.9912820140541375,0.9665617942810059,0.003570556640625,0.16949584601409723,0.12635619480162857,orb_homography
H3,Unknown,jpeg,jpeg_q25,25,research_experiments\H3\jpeg\H3_jpeg_q25.jpg,0.4970703125,0.0,False,0.922913953943534,0.9438374042510986,0.8876748085021973,0.5920015901890364,Low technical consistency with limited semantic concentration,0.8641570592323607,0.9645632743835449,0.9828868772288055,0.9697961807250977,0.001361846923828125,0.17256580655555626,0.13496395297348499,orb_homography
H3,Unknown,crop,crop_10,10%_area_removed,research_experiments\H3\crop\H3_crop_10.png,0.5390625,0.0,False,0.9366005802072773,0.9756466150283813,0.9512932300567627,0.6147797255499698,Mixed archival consistency,0.8926887552932941,0.9643870830535889,0.9873583353025857,0.9712674617767334,0.026416778564453125,0.1606576844108864,0.14327168883755803,orb_homography
H3,Unknown,crop,crop_25,25%_area_removed,research_experiments\H3\crop\H3_crop_25.png,0.4990234375,0.0,False,0.936235369064139,0.9730635285377502,0.9461270570755005,0.6039219917491528,Mixed archival consistency,0.8917207712335982,0.9653889179229737,0.9867171517316808,0.9707081317901611,0.02346038818359375,0.15830296311462239,0.13233243314549326,orb_homography
H3,Unknown,crop,crop_50,50%_area_removed,research_experiments\H3\crop\H3_crop_50.png,0.4921875,0.0,False,0.9010885827478361,0.9484387636184692,0.8968775272369385,0.587796220635108,Low technical consistency with limited semantic concentration,0.8310223551648116,0.9387133121490479,0.9855745191778251,0.9640934467315674,0.0464019775390625,0.17742121894493149,0.17871694553643463,orb_homography
H3,Unknown,resize,resize_050,scale_0.5;interpolation_INTER_LINEAR,research_experiments\H3\resize\H3_resize_050.png,0.4970703125,0.0,False,0.9271006193485246,0.9709418714046478,0.9418837428092957,0.6009702634160993,Mixed archival consistency,0.8711510331146648,0.9667112827301025,0.9916955914137484,0.964336633682251,0.005420684814453125,0.1617488244371675,0.13409688755869867,orb_homography
H3,Unknown,resize,resize_075,scale_0.75;interpolation_INTER_LINEAR,research_experiments\H3\resize\H3_resize_075.png,0.4970703125,0.0,False,0.944555586624952,0.9914029240608215,0.9828058481216431,0.6105995726682368,Mixed archival consistency,0.9040257044413355,0.9733337879180908,0.9950931747673075,0.9676439762115479,0.002689361572265625,0.1489525099800906,0.1297507511079311,orb_homography
H3,Unknown,resize,resize_150,scale_1.5;interpolation_INTER_LINEAR,research_experiments\H3\resize\H3_resize_150.png,0.951171875,0.0,False,0.9773909898742139,0.9949364066123962,0.9898728132247925,0.7317520887085616,Mixed archival consistency,0.9659529922498759,0.9839472293853759,0.9960431476447493,0.9821257591247559,0.000225067138671875,0.11661288267123301,0.1200627699866891,orb_homography
H3,Unknown,rotation,rotate_2,2_degrees;border_BORDER_REFLECT_101,research_experiments\H3\rotation\H3_rotate_2.png,0.5849609375,0.0,False,0.9586476764620042,0.9724848568439484,0.9449697136878967,0.6297152267205853,Mixed archival consistency,0.9305289223135598,0.9761740684509277,0.9940359632751719,0.9784049987792969,0.003902435302734375,0.1574383540046085,0.12115793347358703,orb_homography
H3,Unknown,rotation,rotate_5,5_degrees;border_BORDER_REFLECT_101,research_experiments\H3\rotation\H3_rotate_5.png,0.5029296875,0.0,False,0.9574126819322155,0.9241712689399719,0.8483425378799438,0.5944663389434347,Low technical consistency with limited semantic concentration,0.9297239467435872,0.9749538421630859,0.9932911404831131,0.975365161895752,0.0089874267578125,0.16799153089351695,0.12320615120232105,orb_homography
H3,Unknown,rotation,rotate_10,10_degrees;border_BORDER_REFLECT_101,research_experiments\H3\rotation\H3_rotate_10.png,0.49609375,0.0,False,0.9347358708745219,0.9133816659450531,0.8267633318901062,0.5849851114584204,Low technical consistency with limited semantic concentration,0.8863981329226455,0.9675787925720215,0.9914096937545112,0.9683370590209961,0.012500762939453125,0.17868182741898764,0.12930907465517522,orb_homography
H3,Unknown,blur,blur_sigma1,sigma_1,research_experiments\H3\blur\H3_blur_sigma1.png,0.4970703125,0.0,False,0.9324442298525729,0.9761220514774323,0.9522441029548645,0.6035930395387442,Mixed archival consistency,0.8812236592841222,0.9682612419128418,0.9927189341927403,0.9661362171173096,0.00423431396484375,0.15822502840654867,0.1321031767129898,orb_homography
H3,Unknown,blur,blur_sigma3,sigma_3,research_experiments\H3\blur\H3_blur_sigma3.png,0.4970703125,0.0,False,0.8934176529606275,0.8945105075836182,0.7890210151672363,0.571304260992211,Low technical consistency with limited semantic concentration,0.8049809242703168,0.9530602931976319,0.9911524704576535,0.9615886211395264,0.018497467041015625,0.19880431853619732,0.15462343730032446,orb_homography
H3,Unknown,blur,blur_sigma5,sigma_5,research_experiments\H3\blur\H3_blur_sigma5.png,0.4970703125,0.0,False,0.891015727455329,0.825045645236969,0.650091290473938,0.5499844171871565,Low technical consistency with limited semantic concentration,0.8015626958927003,0.952507495880127,0.986315647751021,0.9615886211395264,0.01465606689453125,0.22115677690654256,0.17037454992532733,none
H3,Unknown,brightness,brightness_minus20,-20,research_experiments\H3\brightness\H3_brightness_minus20.png,0.703125,0.0,False,0.5886341873872012,0.9574436247348785,0.9148872494697571,0.5807411748979038,Low technical consistency with limited semantic concentration,0.30849276633719813,0.8235517024993897,0.6468100181838012,0.9793534278869629,0.00042724609375,0.22347812854350063,0.23406851530075073,orb_homography
H3,Unknown,brightness,brightness_plus20,20,research_experiments\H3\brightness\H3_brightness_plus20.png,0.9990234375,0.0,False,0.7606290222114741,0.9930518567562103,0.9861037135124207,0.6997972208441579,Mixed archival consistency,0.7352631329406029,0.75,0.6150707492546859,1.0,0.0,0.1368269216847136,0.0,orb_homography
H3,Unknown,brightness,brightness_plus40,40,research_experiments\H3\brightness\H3_brightness_plus40.png,0.9990234375,0.0,False,0.5878238102235233,0.985812783241272,0.971625566482544,0.6630644563920862,Mixed archival consistency,0.5453231104358548,0.5,0.44952273684925736,1.0,0.0,0.14034336719865553,0.0,orb_homography
H3,Unknown,contrast,contrast_075,0.75,research_experiments\H3\contrast\H3_contrast_075.png,0.9931640625,0.0,False,0.946298354272638,0.9966990947723389,0.9933981895446777,0.7365604149112293,Mixed archival consistency,0.9393521350760274,0.935477876663208,0.9505596711128192,0.9809098243713379,0.00795745849609375,0.11360238973972742,0.18498380862176417,orb_homography
H3,Unknown,contrast,contrast_125,1.25,research_experiments\H3\contrast\H3_contrast_125.png,0.98046875,0.0,False,0.9616974614672421,0.9971935749053955,0.994387149810791,0.736614752265067,Mixed archival consistency,0.9660581325722796,0.9435155391693115,0.9632081811677625,0.9774079322814941,0.00844573974609375,0.11333127085979894,0.16999930396676063,orb_homography
H3,Unknown,contrast,contrast_150,1.5,research_experiments\H3\contrast\H3_contrast_150.png,0.5830078125,0.0,False,0.9063756287968014,0.9942333698272705,0.988466739654541,0.6252970898325414,Mixed archival consistency,0.8989691874217294,0.8821419715881348,0.9127621634150663,0.9625978469848633,0.037105560302734375,0.1652756575104402,0.23125970251858236,orb_homography
H3,Unknown,patch,patch_05,5%_center_area_blurred,research_experiments\H3\patch\H3_patch_05.png,0.96875,0.0,False,0.9965819293217739,0.9962411820888519,0.9924823641777039,0.7403762404910104,Mixed archival consistency,0.9935338152702923,0.9984577655792236,0.9998627304974907,0.9993190765380859,0.000156402587890625,0.10857687701749455,0.2005249455105513,orb_homography
H3,Unknown,patch,patch_10,10%_center_area_blurred,research_experiments\H3\patch\H3_patch_10.png,0.9521484375,0.0,False,0.9928523683035523,0.986678957939148,0.9733579158782959,0.7326112704174548,Mixed archival consistency,0.9863971148861048,0.9967403888702393,0.999295704738618,0.9992947578430176,0.0002593994140625,0.11484640089412235,0.1894180397503078,orb_homography
H3,Unknown,patch,patch_20,20%_center_area_blurred,research_experiments\H3\patch\H3_patch_20.png,0.8984375,0.0,False,0.9770222926971899,0.9444471001625061,0.8888942003250122,0.7033479635881899,Mixed archival consistency,0.9588634643825857,0.9882936954498291,0.998259101705254,0.99147629737854,0.00246429443359375,0.13803763638728583,0.17609531439840795,orb_homography
H4,Unknown,control,control_exact,exact_byte_copy,research_experiments\H4\control\H4_control_exact.png,0.9990234375,1.0,True,1.0,0.9976193904876709,0.9952387809753418,0.9990416765213013,Archive-consistent with low semantic risk,1.0,1.0,1.0,1.0,0.0,0.9980497884764706,0.0,orb_homography
H4,Unknown,jpeg,jpeg_q95,95,research_experiments\H4\jpeg\H4_jpeg_q95.jpg,0.9853515625,0.0,False,0.9906154426767638,0.9870375990867615,0.974075198173523,0.7405722588863812,Mixed archival consistency,0.9944859519161021,0.991234540939331,0.9995330666723874,0.9690544605255127,0.0,0.1084843498586208,0.20320992007851602,orb_homography
H4,Unknown,jpeg,jpeg_q75,75,research_experiments\H4\jpeg\H4_jpeg_q75.jpg,0.9501953125,0.0,False,0.9678239751878196,0.9706831872463226,0.9413663744926453,0.7223185793364607,Mixed archival consistency,0.9735500272127497,0.9762868404388427,0.9937727013013004,0.9105923175811768,0.000492095947265625,0.1244668481468133,0.20009278789162638,orb_homography
H4,Unknown,jpeg,jpeg_q50,50,research_experiments\H4\jpeg\H4_jpeg_q50.jpg,0.591796875,0.0,False,0.9259618101453566,0.9629680216312408,0.9259360432624817,0.6220319872684436,Mixed archival consistency,0.9136426023907157,0.960117244720459,0.9626320272126276,0.8693234920501709,0.003765106201171875,0.17078097858687974,0.1970978829264641,orb_homography
H4,Unknown,jpeg,jpeg_q25,25,research_experiments\H4\jpeg\H4_jpeg_q25.jpg,0.4970703125,0.0,False,0.9010397687443858,0.9556759893894196,0.9113519787788391,0.5911783286907031,Low technical consistency with limited semantic concentration,0.8857460590540024,0.9506443500518799,0.9447704933327916,0.8205158710479736,0.01236724853515625,0.17528711163137192,0.22100598230957985,orb_homography
H4,Unknown,crop,crop_10,10%_area_removed,research_experiments\H4\crop\H4_crop_10.png,0.5205078125,0.0,False,0.9423522546058908,0.9862005710601807,0.9724011421203613,0.6144575753642324,Mixed archival consistency,0.9316014208869695,0.9665902614593506,0.997217537861111,0.879342794418335,0.0028228759765625,0.153727255792206,0.18610684767365457,orb_homography
H4,Unknown,crop,crop_25,25%_area_removed,research_experiments\H4\crop\H4_crop_25.png,0.4833984375,0.0,False,0.9562902048871758,0.9799385070800781,0.9598770141601562,0.6060892024764586,Mixed archival consistency,0.9512003241751218,0.9723785400390625,0.9937025475486859,0.9073336124420166,0.000316619873046875,0.14775625903508977,0.17715523153543472,orb_homography
H4,Unknown,crop,crop_50,50%_area_removed,research_experiments\H4\crop\H4_crop_50.png,0.4765625,0.0,False,0.8675050676374653,0.9636507928371429,0.9273015856742859,0.5817368763786359,Low technical consistency with limited semantic concentration,0.9128538196395891,0.8916397094726562,0.6890755224287792,0.8696639537811279,0.04958343505859375,0.18034120335578532,0.2630946635454893,orb_homography
H4,Unknown,resize,resize_050,scale_0.5;interpolation_INTER_LINEAR,research_experiments\H4\resize\H4_resize_050.png,0.484375,0.0,False,0.8837269289927026,0.986832320690155,0.9736646413803101,0.5938888320055871,Low technical consistency with limited semantic concentration,0.8524500806835762,0.9430449962615967,0.9944577864593783,0.767963171005249,0.03227996826171875,0.16760115564190878,0.2616768914461136,orb_homography
H4,Unknown,resize,resize_075,scale_0.75;interpolation_INTER_LINEAR,research_experiments\H4\resize\H4_resize_075.png,0.482421875,0.0,False,0.9215144113454959,0.9879445433616638,0.9758890867233276,0.6012917140275984,Mixed archival consistency,0.9030902406937469,0.9576347827911377,0.9949198207184848,0.8431808948516846,0.01276397705078125,0.15580276916745867,0.22055796012282372,orb_homography
H4,Unknown,resize,resize_150,scale_1.5;interpolation_INTER_LINEAR,research_experiments\H4\resize\H4_resize_150.png,0.8896484375,0.0,False,0.965806531191075,0.9952213764190674,0.9904427528381348,0.7141398285389352,Mixed archival consistency,0.9689159746984419,0.9749661922454834,0.9957575484071449,0.9112610816955566,0.000110626220703125,0.1301109212232375,0.20069180220365526,orb_homography
H4,Unknown,rotation,rotate_2,2_degrees;border_BORDER_REFLECT_101,research_experiments\H4\rotation\H4_rotate_2.png,0.5400390625,0.0,False,0.9264545772842729,0.9899389743804932,0.9798779487609863,0.6172823733960026,Mixed archival consistency,0.9098341217204935,0.9595319271087647,0.9975785193297011,0.8500630855560303,0.00873565673828125,0.15877154694116538,0.19498832434415816,orb_homography
H4,Unknown,rotation,rotate_5,5_degrees;border_BORDER_REFLECT_101,research_experiments\H4\rotation\H4_rotate_5.png,0.50390625,0.0,False,0.9297073590137817,0.9804303348064423,0.9608606696128845,0.606047134744689,Mixed archival consistency,0.912819845620397,0.9605585098266601,0.9969590923733462,0.8616995811462402,0.007564544677734375,0.1582034795242612,0.193601885586977,orb_homography
H4,Unknown,rotation,rotate_10,10_degrees;border_BORDER_REFLECT_101,research_experiments\H4\rotation\H4_rotate_10.png,0.494140625,0.0,False,0.9374079230172753,0.9748715758323669,0.9497431516647339,0.6034782136031651,Mixed archival consistency,0.9272001494932731,0.9634850502014161,0.9971162764611958,0.864861011505127,0.00611114501953125,0.15680323832763302,0.19272244691848753,orb_homography
H4,Unknown,blur,blur_sigma1,sigma_1,research_experiments\H4\blur\H4_blur_sigma1.png,0.486328125,0.0,False,0.8990537302723716,0.9847245812416077,0.9694491624832153,0.5968101516769566,Low technical consistency with limited semantic concentration,0.8724716552442425,0.9478381156921387,0.9982942708832944,0.7982521057128906,0.024959564208984375,0.16416212604584243,0.24892766267061234,orb_homography
H4,Unknown,blur,blur_sigma3,sigma_3,research_experiments\H4\blur\H4_blur_sigma3.png,0.478515625,0.0,False,0.8094354223308041,0.9111204147338867,0.8222408294677734,0.5548521151363268,Low technical consistency with limited semantic concentration,0.7163338291631088,0.9106362819671631,0.9969523737850441,0.7325551509857178,0.059825897216796875,0.21685365320644429,0.3170554065704346,orb_homography
H4,Unknown,blur,blur_sigma5,sigma_5,research_experiments\H4\blur\H4_blur_sigma5.png,0.4794921875,0.0,False,0.7816273403849919,0.8698926568031311,0.7397853136062622,0.5371663119929377,Low technical consistency with limited semantic concentration,0.6646220007400652,0.8943941593170166,0.9937708504990055,0.7325551509857178,0.0594940185546875,0.24007497316781057,0.3277312099933624,none
H4,Unknown,brightness,brightness_minus20,-20,research_experiments\H4\brightness\H4_brightness_minus20.png,0.998046875,0.0,False,0.8652700438518254,0.9974656105041504,0.9949312210083008,0.7218054106716102,Mixed archival consistency,0.9912804109633665,0.75,0.5446257261220698,1.0,0.0,0.1253313584385637,0.0,orb_homography
H4,Unknown,brightness,brightness_plus20,20,research_experiments\H4\brightness\H4_brightness_plus20.png,0.99609375,0.0,False,0.8649376861089979,0.9961083233356476,0.9922166466712952,0.7208434717224939,Mixed archival consistency,0.9926235845747732,0.750889778137207,0.5446187091245253,0.9922788143157959,0.0,0.12621825472144413,0.30105426914989947,orb_homography
H4,Unknown,brightness,brightness_plus40,40,research_experiments\H4\brightness\H4_brightness_plus40.png,0.978515625,0.0,False,0.7867106305778568,0.9890535175800323,0.9781070351600647,0.6986870876395811,Mixed archival consistency,0.9681953020082664,0.5061168670654297,0.5146679911259195,0.9819555282592773,0.0,0.14156597817753022,0.301047614812851,orb_homography
H4,Unknown,contrast,contrast_075,0.75,research_experiments\H4\contrast\H4_contrast_075.png,0.9130859375,0.0,False,0.7553889527454831,0.9953213036060333,0.9906426072120667,0.6779456660059067,Mixed archival consistency,0.940744160018793,0.4678510665893555,0.5009522581921138,0.9329898357391357,0.022068023681640625,0.15894938858474447,0.32974481284618373,orb_homography
H4,Unknown,contrast,contrast_125,1.25,research_experiments\H4\contrast\H4_contrast_125.png,0.8994140625,0.0,False,0.767763752173981,0.9861008822917938,0.9722017645835876,0.6742365307473344,Mixed archival consistency,0.9528532754231747,0.48929018974304195,0.5127170717940354,0.9316644668579102,7.62939453125e-06,0.16383297939083502,0.29315793924033634,orb_homography
H4,Unknown,contrast,contrast_150,1.5,research_experiments\H4\contrast\H4_contrast_150.png,0.5810546875,0.0,False,0.6185131508325347,0.8999814093112946,0.7999628186225891,0.5389607248348953,Low technical consistency with limited semantic concentration,0.8413043186197456,0.13533062934875484,0.47539027790652955,0.898566722869873,0.0,0.2592667733931114,0.2976086486876011,orb_homography
H4,Unknown,patch,patch_05,5%_center_area_blurred,research_experiments\H4\patch\H4_patch_05.png,0.970703125,0.0,False,0.9704761451828909,0.9811637103557587,0.9623274207115173,0.7311201233933058,Mixed archival consistency,0.9602062431687222,0.9854499340057373,0.9998325963001016,0.9469730854034424,0.024585723876953125,0.11726103969660803,0.307489073947072,orb_homography
H4,Unknown,patch,patch_10,10%_center_area_blurred,research_experiments\H4\patch\H4_patch_10.png,0.94921875,0.0,False,0.9397212222697573,0.9180121123790741,0.8360242247581482,0.7006525656676736,Mixed archival consistency,0.9169448849617244,0.9687820911407471,0.9989703687070317,0.9003663063049316,0.050640106201171875,0.1420402443270646,0.3405244098603726,orb_homography
H4,Unknown,patch,patch_20,20%_center_area_blurred,research_experiments\H4\patch\H4_patch_20.png,0.8974609375,0.0,False,0.88513009249331,0.8710097074508667,0.7420194149017334,0.662694165108922,Mixed archival consistency,0.8378962030275862,0.9407798767089843,0.9962279944269226,0.8229842185974121,0.06613922119140625,0.17530709488275814,0.37149704188108446,orb_homography
H5,Unknown,control,control_exact,exact_byte_copy,research_experiments\H5\control\H5_control_exact.png,1.0,1.0,True,1.0,0.9987531304359436,0.9975062608718872,0.9996259391307831,Archive-consistent with low semantic risk,1.0,1.0,1.0,1.0,0.0,0.9989201792823216,0.0,orb_homography
H5,Unknown,jpeg,jpeg_q95,95,research_experiments\H5\jpeg\H5_jpeg_q95.jpg,0.994140625,0.0,False,0.9919702106060831,0.9673004150390625,0.934600830078125,0.7371193228829354,Mixed archival consistency,0.9928643642685396,0.9915977001190186,0.9996314584364734,0.9822473526000977,0.0,0.11037219657023808,0.15658892929553986,orb_homography
H5,Unknown,jpeg,jpeg_q75,75,research_experiments\H5\jpeg\H5_jpeg_q75.jpg,0.9765625,0.0,False,0.9777841312455275,0.9623564183712006,0.9247128367424011,0.7284043767604658,Mixed archival consistency,0.9760031765239859,0.9811944961547852,0.998672533879875,0.956554651260376,0.000301361083984375,0.11844975120142495,0.17003562271595002,orb_homography
H5,Unknown,jpeg,jpeg_q50,50,research_experiments\H5\jpeg\H5_jpeg_q50.jpg,0.533203125,0.0,False,0.9388750048372277,0.9454742074012756,0.8909484148025513,0.6047180444378283,Mixed archival consistency,0.9055122559089788,0.9654716491699219,0.9927508570912356,0.9407596588134766,0.001857757568359375,0.1697435112214424,0.1604344102740288,orb_homography
H5,Unknown,jpeg,jpeg_q25,25,research_experiments\H5\jpeg\H5_jpeg_q25.jpg,0.49609375,0.0,False,0.9259323650955588,0.929764449596405,0.8595288991928101,0.5881392453980333,Low technical consistency with limited semantic concentration,0.8881539970929684,0.9590970039367676,0.9863955727726631,0.923529863357544,0.00550079345703125,0.176266191301849,0.16942215710878372,orb_homography
H5,Unknown,crop,crop_10,10%_area_removed,research_experiments\H5\crop\H5_crop_10.png,0.5546875,0.0,False,0.9685337692861155,0.990662693977356,0.9813253879547119,0.6295774370504299,Mixed archival consistency,0.9569436587309814,0.9778703689575196,0.9938370953183737,0.962439775466919,0.001361846923828125,0.14661331756773693,0.1454699196666479,orb_homography
H5,Unknown,crop,crop_25,25%_area_removed,research_experiments\H5\crop\H5_crop_25.png,0.490234375,0.0,False,0.9380513937866689,0.979993999004364,0.959987998008728,0.604167072208643,Mixed archival consistency,0.9290114489780592,0.9211331367492676,0.9837900268912143,0.9476296901702881,0.031993865966796875,0.1543727129518886,0.15389858279377222,orb_homography
H5,Unknown,crop,crop_50,50%_area_removed,research_experiments\H5\crop\H5_crop_50.png,0.48046875,0.0,False,0.8799362112227983,0.9670467972755432,0.9340935945510864,0.5862184689272226,Low technical consistency with limited semantic concentration,0.8636269326336058,0.863200569152832,0.9263560237134919,0.910336971282959,0.049198150634765625,0.17584105670179778,0.1974625636264682,orb_homography
H5,Unknown,resize,resize_050,scale_0.5;interpolation_INTER_LINEAR,research_experiments\H5\resize\H5_resize_050.png,0.4921875,0.0,False,0.924987355031355,0.9824003577232361,0.9648007154464722,0.6027644533232418,Mixed archival consistency,0.8925289901781105,0.9586635112762452,0.989348812148456,0.9018740653991699,0.018238067626953125,0.15779898149672789,0.19164245441555977,orb_homography
H5,Unknown,resize,resize_075,scale_0.75;interpolation_INTER_LINEAR,research_experiments\H5\resize\H5_resize_075.png,0.5029296875,0.0,False,0.9430555120737909,0.9770463407039642,0.9540926814079285,0.6074574265009475,Mixed archival consistency,0.9160061354242997,0.9678432941436768,0.9907433469892225,0.9352028369903564,0.007648468017578125,0.15511190442630554,0.16829911425709726,orb_homography
H5,Unknown,resize,resize_150,scale_1.5;interpolation_INTER_LINEAR,research_experiments\H5\resize\H5_resize_150.png,0.9609375,0.0,False,0.9757781628312368,0.9963403940200806,0.9926807880401611,0.7342921257722714,Mixed archival consistency,0.9697993396821136,0.9805708885192871,0.9946756190363345,0.9668292999267578,0.000911712646484375,0.1146948262319448,0.15428479239344597,orb_homography
H5,Unknown,rotation,rotate_2,2_degrees;border_BORDER_REFLECT_101,research_experiments\H5\rotation\H5_rotate_2.png,0.5888671875,0.0,False,0.9443690853891866,0.9910905361175537,0.9821810722351074,0.6334177747881035,Mixed archival consistency,0.9146502090251319,0.9687485218048095,0.9930616516788495,0.9442007541656494,0.0048370361328125,0.15574554452633158,0.14797702848911284,orb_homography
H5,Unknown,rotation,rotate_5,5_degrees;border_BORDER_REFLECT_101,research_experiments\H5\rotation\H5_rotate_5.png,0.490234375,0.0,False,0.9587639798779246,0.9919281005859375,0.983856201171875,0.6118898199013661,Mixed archival consistency,0.9452383297501453,0.9734102725982666,0.9905393719942406,0.94315505027771,0.0041961669921875,0.1434966610632601,0.15721141174435618,orb_homography
H5,Unknown,rotation,rotate_10,10_degrees;border_BORDER_REFLECT_101,research_experiments\H5\rotation\H5_rotate_10.png,0.5048828125,0.0,False,0.9403839333406236,0.9857518672943115,0.971503734588623,0.6100230499814182,Mixed archival consistency,0.9134405766779061,0.9660836696624756,0.9878909335314581,0.9308741092681885,0.00643157958984375,0.15306762350713576,0.15439109593629835,orb_homography
H5,Unknown,blur,blur_sigma1,sigma_1,research_experiments\H5\blur\H5_blur_sigma1.png,0.4921875,0.0,False,0.9296784717308099,0.9788928031921387,0.9577856063842773,0.6026504103038035,Mixed archival consistency,0.899099409444307,0.9601263046264649,0.9864724007462979,0.9138753414154053,0.015956878662109375,0.15760869244357006,0.18620063558220865,orb_homography
H5,Unknown,blur,blur_sigma3,sigma_3,research_experiments\H5\blur\H5_blur_sigma3.png,0.4892578125,0.0,False,0.8744137576782329,0.9391661286354065,0.878332257270813,0.5789470432512684,Low technical consistency with limited semantic concentration,0.8110213296057628,0.9295730113983154,0.9830263748200679,0.8640463352203369,0.053730010986328125,0.18863099847095316,0.266790593713522,orb_homography
H5,Unknown,blur,blur_sigma5,sigma_5,research_experiments\H5\blur\H5_blur_sigma5.png,0.486328125,0.0,False,0.8462770001508129,0.9246651530265808,0.8493303060531616,0.5682369771881368,Low technical consistency with limited semantic concentration,0.7647532251826705,0.9015373229980469,0.9784857856624852,0.8665390014648438,0.05019378662109375,0.20199261138217517,0.2609641154110432,orb_homography
H5,Unknown,brightness,brightness_minus20,-20,research_experiments\H5\brightness\H5_brightness_minus20.png,1.0,0.0,False,0.8876793216275707,0.9976410269737244,0.9952820539474487,0.7268281724176315,Mixed archival consistency,0.9816733771790299,0.7502469539642334,0.7227952031323507,0.9996352195739746,0.0,0.12161196482096093,0.2923387023806572,orb_homography
H5,Unknown,brightness,brightness_plus20,20,research_experiments\H5\brightness\H5_brightness_plus20.png,1.0,0.0,False,0.8909736091535528,0.996430367231369,0.992860734462738,0.7271238320001213,Mixed archival consistency,0.989000225175447,0.7500051021575928,0.7228635192914941,0.9999513626098633,0.0,0.12141586859122633,0.2923185137659311,orb_homography
H5,Unknown,brightness,brightness_plus40,40,research_experiments\H5\brightness\H5_brightness_plus40.png,0.9619140625,0.0,False,0.7977468384893265,0.9913290143013,0.9826580286026001,0.6974265876132553,Mixed archival consistency,0.9579321082281529,0.5093730449676513,0.5967159949807125,0.9988448619842529,0.0,0.14420353756470577,0.29391835354268553,orb_homography
H5,Unknown,contrast,contrast_075,0.75,research_experiments\H5\contrast\H5_contrast_075.png,0.9658203125,0.0,False,0.7902205718470714,0.9962639808654785,0.992527961730957,0.6983783867540578,Mixed archival consistency,0.9455632510888571,0.5093996524810791,0.6122626917325824,0.9701852798461914,0.0,0.1425445247753208,0.28637331295758484,orb_homography
H5,Unknown,contrast,contrast_125,1.25,research_experiments\H5\contrast\H5_contrast_125.png,0.912109375,0.0,False,0.7902907532000119,0.9905540943145752,0.9811081886291504,0.683251722684375,Mixed archival consistency,0.9601088205158657,0.5455963611602783,0.5027106562671391,0.9762406349182129,0.0,0.1572153583182994,0.2897981177270412,orb_homography
H5,Unknown,contrast,contrast_150,1.5,research_experiments\H5\contrast\H5_contrast_150.png,0.55859375,0.0,False,0.6728852735083777,0.9678477644920349,0.9356955289840698,0.564579821549286,Low technical consistency with limited semantic concentration,0.8824077115784447,0.25719671249389653,0.4627404320722255,0.9472770690917969,0.0,0.2237846474739911,0.2921420115977525,orb_homography
H5,Unknown,patch,patch_05,5%_center_area_blurred,research_experiments\H5\patch\H5_patch_05.png,0.9716796875,0.0,False,0.9806294778660337,0.9820935726165771,0.9641871452331543,0.7336738892331799,Mixed archival consistency,0.9727600681041476,0.9876625061035156,0.999093518926528,0.9740519523620605,0.01663970947265625,0.11465503240942754,0.25756377167999744,orb_homography
H5,Unknown,patch,patch_10,10%_center_area_blurred,research_experiments\H5\patch\H5_patch_10.png,0.9462890625,0.0,False,0.9616084875123925,0.9704525470733643,0.9409050941467285,0.7200297272494878,Mixed archival consistency,0.9457979288044344,0.9704100608825683,0.9956553132023941,0.9603240489959717,0.045314788818359375,0.12668402928761047,0.30125825613737106,orb_homography
H5,Unknown,patch,patch_20,20%_center_area_blurred,research_experiments\H5\patch\H5_patch_20.png,0.904296875,0.0,False,0.9317287982318961,0.9320036172866821,0.8640072345733643,0.6920210635823838,Mixed archival consistency,0.9049492441855651,0.94316725730896,0.986598920394918,0.9381332397460938,0.059131622314453125,0.15046630810926534,0.32460053890943524,orb_homography
