attack_family,attack_parameter,watermark_score_count,watermark_score_mean,watermark_score_standard_deviation,watermark_score_median,watermark_score_minimum,watermark_score_maximum,provenance_score_count,provenance_score_mean,provenance_score_standard_deviation,provenance_score_median,provenance_score_minimum,provenance_score_maximum,forensic_score_count,forensic_score_mean,forensic_score_standard_deviation,forensic_score_median,forensic_score_minimum,forensic_score_maximum,semantic_score_count,semantic_score_mean,semantic_score_standard_deviation,semantic_score_median,semantic_score_minimum,semantic_score_maximum,cosine_similarity_count,cosine_similarity_mean,cosine_similarity_standard_deviation,cosine_similarity_median,cosine_similarity_minimum,cosine_similarity_maximum,acs_count,acs_mean,acs_standard_deviation,acs_median,acs_minimum,acs_maximum,ssim_count,ssim_mean,ssim_standard_deviation,ssim_median,ssim_minimum,ssim_maximum,difference_score_count,difference_score_mean,difference_score_standard_deviation,difference_score_median,difference_score_minimum,difference_score_maximum,histogram_score_count,histogram_score_mean,histogram_score_standard_deviation,histogram_score_median,histogram_score_minimum,histogram_score_maximum,edge_score_count,edge_score_mean,edge_score_standard_deviation,edge_score_median,edge_score_minimum,edge_score_maximum,suspicious_region_ratio_count,suspicious_region_ratio_mean,suspicious_region_ratio_standard_deviation,suspicious_region_ratio_median,suspicious_region_ratio_minimum,suspicious_region_ratio_maximum,evidence_agreement_count,evidence_agreement_mean,evidence_agreement_standard_deviation,evidence_agreement_median,evidence_agreement_minimum,evidence_agreement_maximum,semantic_integrity_risk_count,semantic_integrity_risk_mean,semantic_integrity_risk_standard_deviation,semantic_integrity_risk_median,semantic_integrity_risk_minimum,semantic_integrity_risk_maximum
blur,sigma_1,5,0.4904296875,0.011207091838238105,0.4921875,0.4736328125,0.5029296875,5,0.0,0.0,0.0,0.0,0.0,5,0.9177500363131151,0.015252697097615186,0.9235696920018396,0.8990537302723716,0.9324442298525729,5,0.9846556305885314,0.007201083286196839,0.9847245812416077,0.9761220514774323,0.9920653700828552,5,0.969311261177063,0.014402166572393679,0.9694491624832153,0.9522441029548645,0.9841307401657104,5,0.6015541183141825,0.004751768850581991,0.6026504103038035,0.5968101516769566,0.6078883643599551,5,0.8888918292281683,0.01230640387179945,0.8896340312468498,0.8724716552442425,0.9020303909213201,5,0.9546875858306885,0.010907020389563192,0.9570068836212158,0.9402053833007813,0.9682612419128418,5,0.9912956215599111,0.004622617897790932,0.9910338702182739,0.9864724007462979,0.9982942708832944,5,0.8692164897918702,0.07219690668687835,0.8649947643280029,0.7982521057128906,0.9661362171173096,5,0.018389129638671876,0.01132951941879504,0.015956878662109375,0.00423431396484375,0.0337371826171875,5,0.15890827137938987,0.003098904371204772,0.15822502840654867,0.15598739700957354,0.16416212604584243,5,0.20316738772392273,0.04964347951934453,0.1966215182840824,0.1321031767129898,0.25198394536972046
blur,sigma_3,5,0.48671875,0.014229021659026557,0.4892578125,0.466796875,0.501953125,5,0.0,0.0,0.0,0.0,0.0,5,0.8393849595064918,0.047441647257316796,0.8430870982697318,0.7765708662930628,0.8934176529606275,5,0.9212484896183014,0.01876497146958978,0.9239982664585114,0.8945105075836182,0.9391661286354065,5,0.8424969792366028,0.03752994293917956,0.8479965329170227,0.7890210151672363,0.878332257270813,5,0.5659312262867887,0.011300256693687746,0.571304260992211,0.5532475312126378,0.5789470432512684,5,0.7577622543126428,0.05471682864272503,0.7697699186650501,0.6867052698589752,0.8110213296057628,5,0.9174381828308106,0.02782532230332495,0.916909122467041,0.8770122051239013,0.9530602931976319,5,0.9893634617444292,0.005996841361939207,0.9911524704576535,0.9830263748200679,0.9969523737850441,5,0.8041858673095703,0.11310967681832744,0.7908713817596436,0.671867847442627,0.9615886211395264,5,0.04930267333984375,0.01753238714494451,0.053730010986328125,0.018497467041015625,0.060733795166015625,5,0.20451548234070233,0.011476578318069553,0.20430519806415742,0.18863099847095316,0.21685365320644429,5,0.26590051598846914,0.06473645679571131,0.2934176912903786,0.15462343730032446,0.3170554065704346
blur,sigma_5,5,0.487890625,0.015801010601703813,0.486328125,0.4677734375,0.5087890625,5,0.0,0.0,0.0,0.0,0.0,5,0.81077123947373,0.06356999024325893,0.8114285071251957,0.7235076222523206,0.891015727455329,5,0.8916001141071319,0.043572196246773574,0.913002222776413,0.825045645236969,0.9253948926925659,5,0.7832002282142639,0.08714439249354715,0.8260044455528259,0.650091290473938,0.8507897853851318,5,0.5516069383768856,0.01569848760929589,0.5499844171871565,0.5355455506583879,0.5682369771881368,5,0.7068892729010315,0.08264864133222716,0.7115272401138206,0.5919812025759009,0.8015626958927003,5,0.8966360473632813,0.040396114340854036,0.8962131977081299,0.838528060913086,0.952507495880127,5,0.9850627988353952,0.007376542082804274,0.986315647751021,0.9766154406760325,0.9937708504990055,5,0.8050175666809082,0.11302473748768005,0.7911267280578613,0.6732783317565918,0.9615886211395264,5,0.04797821044921875,0.019075289335862805,0.054973602294921875,0.01465606689453125,0.060573577880859375,5,0.22250613886204595,0.015962354800684683,0.22115677690654256,0.20199261138217517,0.24007497316781057,5,0.2731139815151692,0.06226270277604676,0.30180714264512065,0.17037454992532733,0.3277312099933624
brightness,-20,5,0.9375,0.1310541781146956,0.9931640625,0.703125,1.0,5,0.0,0.0,0.0,0.0,0.0,5,0.8152022286490408,0.12720310938189938,0.8652700438518254,0.5886341873872012,0.8876793216275707,5,0.9894062638282776,0.017872952741897815,0.9974656105041504,0.9574436247348785,0.9978078305721283,5,0.9788125276565551,0.03574590548379563,0.9949312210083008,0.9148872494697571,0.9956156611442566,5,0.6942373248782915,0.06351422053430504,0.7218054106716102,0.5807411748979038,0.7268281724176315,5,0.8491521605349136,0.30226465861518365,0.9818727286679773,0.30849276633719813,0.9912804109633665,5,0.7652309608459472,0.03260962753245057,0.7505566120147705,0.75,0.8235517024993897,5,0.6186931162492162,0.08307452302211704,0.6468100181838012,0.5232813600697788,0.7227952031323507,5,0.9931469917297363,0.008749517041003834,0.9970331192016602,0.9793534278869629,1.0,5,0.000725555419921875,0.001251791614448685,0.0002593994140625,0.0,0.002941131591796875,5,0.14461438108836633,0.04414313766932612,0.1253313584385637,0.12161196482096093,0.22347812854350063,5,0.22659670674800872,0.1298996122326485,0.2923387023806572,0.0,0.3053586907684803
brightness,20,5,0.9962890625,0.004222997716882745,0.9970703125,0.9892578125,1.0,5,0.0,0.0,0.0,0.0,0.0,5,0.8512657776760263,0.052092677892061186,0.8649376861089979,0.7606290222114741,0.8909736091535528,5,0.9963169574737549,0.0020253247078532515,0.996430367231369,0.9930518567562103,0.9981464445590973,5,0.9926339149475097,0.004050649415706503,0.992860734462738,0.9861037135124207,0.9962928891181946,5,0.7182205084023316,0.010617447342481923,0.7208434717224939,0.6997972208441579,0.7271238320001213,5,0.9383617351976411,0.11355516963099115,0.9875300669959919,0.7352631329406029,0.9926235845747732,5,0.750578088760376,0.0008625733048729977,0.7500323295593262,0.75,0.7519632339477539,5,0.6123808632624699,0.08159404761994173,0.6150707492546859,0.5233660151938693,0.7228635192914941,5,0.9966756343841553,0.0044080578113810205,0.9997081756591797,0.9914398193359375,1.0,5,6.256103515625e-05,0.00013989072735212917,0.0,0.0,0.00031280517578125,5,0.12719232761420024,0.005733585175741086,0.12606285762324987,0.12141586859122633,0.1368269216847136,5,0.23901565225422383,0.13370130663919078,0.29649155266582966,0.0,0.3052139256894589
brightness,40,5,0.9826171875,0.015493218692042435,0.978515625,0.9619140625,0.9990234375,5,0.0,0.0,0.0,0.0,0.0,5,0.7506345274422924,0.09136696639869354,0.7867106305778568,0.5878238102235233,0.8002805636642697,5,0.9906333684921265,0.0032876254068390843,0.9913290143013,0.985812783241272,0.9940955638885498,5,0.9812667369842529,0.006575250813678169,0.9826580286026001,0.971625566482544,0.9881911277770996,5,0.6929712129110964,0.01690337130283754,0.6986870876395811,0.6630644563920862,0.7036184061428621,5,0.8769387137901966,0.18544498730218154,0.9579321082281529,0.5453231104358548,0.9681953020082664,5,0.505286455154419,0.004606554350729595,0.5061168670654297,0.5,0.509913969039917,5,0.5413184344562411,0.0780887085864246,0.5146679911259195,0.44952273684925736,0.6442508402652539,5,0.9899515151977539,0.010778891590145482,0.9934461116790771,0.9755110740661621,1.0,5,0.00014495849609375,0.0003241370511817627,0.0,0.0,0.00072479248046875,5,0.14029347386341176,0.003124612601904085,0.14034336719865553,0.13562138144269234,0.14420353756470577,5,0.23934210024774075,0.133850802158827,0.2975975643098354,0.0,0.3041469685733318
contrast,0.75,5,0.944921875,0.03717100146094231,0.94921875,0.9033203125,0.9931640625,5,0.0,0.0,0.0,0.0,0.0,5,0.8207460595102819,0.07333936061434498,0.7985706991264032,0.7553889527454831,0.946298354272638,5,0.9956526637077332,0.000851638362350652,0.9954600930213928,0.9945188462734222,0.9966990947723389,5,0.9913053274154663,0.001703276724701304,0.9909201860427856,0.9890376925468445,0.9933981895446777,5,0.6990754797643763,0.022409502914812866,0.6953744812073073,0.6779456660059067,0.7365604149112293,5,0.9412253175120744,0.0032108129965215046,0.940744160018793,0.937342848982084,0.9455632510888571,5,0.6214901733398438,0.18463013609954532,0.5826779842376709,0.4678510665893555,0.935477876663208,5,0.6521395826725004,0.18200341336872627,0.6122626917325824,0.5009522581921138,0.9505596711128192,5,0.960007905960083,0.017886842450549435,0.9587068557739258,0.9329898357391357,0.9809098243713379,5,0.023094940185546874,0.021677332538907544,0.022068023681640625,0.0,0.055866241455078125,5,0.14328211823355708,0.01783381441911125,0.14638490527705403,0.11360238973972742,0.15894938858474447,5,0.3124341504350304,0.08223948980878591,0.32974481284618373,0.18498380862176417,0.3972021685540676
contrast,1.25,5,0.9208984375,0.033779747180523394,0.9111328125,0.8994140625,0.98046875,5,0.0,0.0,0.0,0.0,0.0,5,0.8300057389486775,0.07628060068473662,0.8107345193765294,0.767763752173981,0.9616974614672421,5,0.990264618396759,0.004410872771021799,0.9905540943145752,0.9861008822917938,0.9971935749053955,5,0.9805292367935181,0.008821745542043598,0.9811081886291504,0.9722017645835876,0.994387149810791,5,0.6933051426837632,0.024704118603552663,0.6859616267709281,0.6742365307473344,0.736614752265067,5,0.9610152114379081,0.0054179646700062084,0.9601603699937628,0.9528532754231747,0.9660581325722796,5,0.6439600276947022,0.1763885313592196,0.6163496971130371,0.48929018974304195,0.9435155391693115,5,0.6206723935885505,0.19766652956211553,0.5127170717940354,0.5027106562671391,0.9632081811677625,5,0.9563868522644043,0.021648265157956578,0.9604942798614502,0.9316644668579102,0.9774079322814941,5,0.01424560546875,0.02723402942755159,0.000244140625,0.0,0.062530517578125,5,0.14928950230857876,0.020361236318219445,0.15612950286707775,0.11333127085979894,0.16383297939083502,5,0.2943249477893114,0.0847780329385105,0.29315793924033634,0.16999930396676063,0.4084162881970405
contrast,1.5,5,0.585546875,0.024643453586855477,0.5810546875,0.55859375,0.6259765625,5,0.0,0.0,0.0,0.0,0.0,5,0.7110072730228393,0.11211473284716046,0.6770212720595692,0.6185131508325347,0.9063756287968014,5,0.9587714731693268,0.03553603279757279,0.9678477644920349,0.8999814093112946,0.9942333698272705,5,0.9175429463386535,0.07107206559514558,0.9356955289840698,0.7999628186225891,0.988466739654541,5,0.5762196153053659,0.031881319178213484,0.5679647488445124,0.5389607248348953,0.6252970898325414,5,0.8786457561763767,0.023681490289529202,0.8824077115784447,0.8413043186197456,0.8989691874217294,5,0.3697590732574463,0.29342615818273415,0.27040238380432124,0.13533062934875484,0.8821419715881348,5,0.5699460107448354,0.19311727267328208,0.47539027790652955,0.4627404320722255,0.9127621634150663,5,0.9179000854492188,0.03866297393272662,0.9154925346374512,0.8655662536621094,0.9625978469848633,5,0.00956878662109375,0.016079203421501476,7.62939453125e-06,0.0,0.037105560302734375,5,0.21868619102663356,0.033902658341801416,0.2237846474739911,0.1652756575104402,0.2592667733931114,5,0.2882583790719509,0.03298223196080474,0.2976086486876011,0.23125970251858236,0.31473823778331284
control,exact_byte_copy,5,0.998046875,0.0018269811458857135,0.9990234375,0.99609375,1.0,5,1.0,0.0,1.0,1.0,1.0,5,1.0,0.0,1.0,1.0,1.0,5,0.9987247586250305,0.0007341216303065587,0.9987531304359436,0.9976193904876709,0.9996178150177002,5,0.997449517250061,0.0014682432606131174,0.9975062608718872,0.9952387809753418,0.9992356300354004,5,0.9991291463375092,0.00042035431856986814,0.9990416765213013,0.99859539270401,0.9996259391307831,5,1.0,0.0,1.0,1.0,1.0,5,1.0,0.0,1.0,1.0,1.0,5,1.0,0.0,1.0,1.0,1.0,5,1.0,0.0,1.0,1.0,1.0,5,0.0,0.0,0.0,0.0,0.0,5,0.9979065544336537,0.0011143233592740237,0.9980497884764706,0.996712571556088,0.9990415013657151,5,0.0,0.0,0.0,0.0,0.0
crop,10%_area_removed,5,0.5353515625,0.012740304888515963,0.533203125,0.5205078125,0.5546875,5,0.0,0.0,0.0,0.0,0.0,5,0.9567258774980424,0.01598558197818428,0.965458059976098,0.9366005802072773,0.9706847234148306,5,0.9860652327537537,0.006104148974486889,0.9876480400562286,0.9756466150283813,0.990662693977356,5,0.9721304655075074,0.012208297948973778,0.9752960801124573,0.9512932300567627,0.9813253879547119,5,0.6210026359507346,0.0064757143079747365,0.6217102427620882,0.6144575753642324,0.6295774370504299,5,0.9420400163689585,0.030723974456259875,0.9569436587309814,0.8926887552932941,0.9654408583198375,5,0.9721690368652344,0.006536031111233267,0.9730526447296143,0.9643870830535889,0.9789448261260987,5,0.9936447953004436,0.0038293410176270166,0.9938370953183737,0.9873583353025857,0.997217537861111,5,0.9381259441375732,0.037232812249322095,0.9529190063476562,0.879342794418335,0.9712674617767334,5,0.007196807861328125,0.010770691029577617,0.0028228759765625,0.001361846923828125,0.026416778564453125,5,0.15042345364893042,0.006707030866704096,0.14666615311000142,0.1444528573638213,0.1606576844108864,5,0.16238609351590277,0.019374552467757856,0.15825665682554246,0.14327168883755803,0.18610684767365457
crop,25%_area_removed,5,0.49296875,0.010367212521164229,0.490234375,0.4833984375,0.5078125,5,0.0,0.0,0.0,0.0,0.0,5,0.9483859384351135,0.01029739398389401,0.9549951294127197,0.936235369064139,0.9563575950248644,5,0.9756219148635864,0.005123188981354218,0.9771341383457184,0.9679794013500214,0.979993999004364,5,0.9512438297271728,0.010246377962708436,0.9542682766914368,0.9359588027000427,0.959987998008728,5,0.6056059496460986,0.0018943296604461033,0.6052330173862595,0.6039219917491528,0.6086184644099792,5,0.9330563449394667,0.025042117847397096,0.9402200320689307,0.8917207712335982,0.9531291482416232,5,0.9596709251403809,0.021732136286283347,0.9677836894989014,0.9211331367492676,0.9723785400390625,5,0.9904372266291098,0.004846455272908174,0.9937025475486859,0.9837900268912143,0.9941416623627468,5,0.9335151195526123,0.026669047911231963,0.9323818683624268,0.9073336124420166,0.9707081317901611,5,0.012259674072265626,0.014478512334434071,0.003326416015625,0.000316619873046875,0.031993865966796875,5,0.15282166468392527,0.0042780769312226186,0.1543727129518886,0.14775625903508977,0.15830296311462239,5,0.15843316354230044,0.018718811781129142,0.15389858279377222,0.13233243314549326,0.17715523153543472
crop,50%_area_removed,5,0.4876953125,0.010371810974493557,0.486328125,0.4765625,0.5029296875,5,0.0,0.0,0.0,0.0,0.0,5,0.8679622589762943,0.07031315262255006,0.8799362112227983,0.7519969305665164,0.9392845027068554,5,0.9564224302768707,0.010044245345781985,0.959424614906311,0.9435511827468872,0.9670467972755432,5,0.9128448605537415,0.02008849069156397,0.9188492298126221,0.8871023654937744,0.9340935945510864,5,0.58244300900332,0.016985027221056628,0.5862184689272226,0.5550467721873694,0.6014167068882644,5,0.8614006533853161,0.062248324140559884,0.8636269326336058,0.7734194893455235,0.9260806701430506,5,0.8635850524902344,0.11735700242598172,0.8916397094726562,0.664918327331543,0.9594533443450928,5,0.8638442864891954,0.13537200139176442,0.9263560237134919,0.6890755224287792,0.9855745191778251,5,0.8990603923797608,0.048927101201361095,0.910336971282959,0.8352651596069336,0.9640934467315674,5,0.045488739013671876,0.022016998853681784,0.049198150634765625,0.010555267333984375,0.07170486450195312,5,0.1829154937372569,0.021059492719937296,0.17742121894493149,0.16244691646557505,0.21852707321819487,5,0.2144998659528792,0.04878401007782945,0.1974625636264682,0.16379946447908877,0.26942569257691507
jpeg,25,5,0.495703125,0.009098292733478215,0.4970703125,0.4814453125,0.5068359375,5,0.0,0.0,0.0,0.0,0.0,5,0.9145353730615714,0.011511338472129233,0.9193985528231888,0.9010397687443858,0.9259323650955588,5,0.9497970402240753,0.01299181420219288,0.9556759893894196,0.929764449596405,0.9607176780700684,5,0.8995940804481506,0.02598362840438576,0.9113519787788391,0.8595288991928101,0.9214353561401367,5,0.5917719679295369,0.003948542062030838,0.5911783286907031,0.5881392453980333,0.5982855988836533,5,0.8854371152715698,0.01274795649889769,0.8881539970929684,0.8641570592323607,0.8979638949633787,5,0.9549609375,0.008098665439002535,0.9569591045379638,0.9435409545898438,0.9645632743835449,5,0.9725504365352602,0.01645601394248432,0.9761485654196658,0.9447704933327916,0.9863955727726631,5,0.8764391422271729,0.07055822924552192,0.8679494857788086,0.8004043102264404,0.9697961807250977,5,0.0073974609375,0.0051745137369801795,0.00550079345703125,0.001361846923828125,0.01323699951171875,5,0.1729305341388281,0.002868837926946384,0.17256580655555626,0.1692878357615126,0.176266191301849,5,0.18488466848433016,0.03522241514839286,0.18372911289334296,0.13496395297348499,0.22100598230957985
jpeg,50,5,0.570703125,0.037279881723240864,0.5869140625,0.529296875,0.6123046875,5,0.0,0.0,0.0,0.0,0.0,5,0.9318225933610053,0.005620883435844718,0.9291302999079946,0.9259618101453566,0.9388750048372277,5,0.9596367537975311,0.009621751453179585,0.9629680216312408,0.9454742074012756,0.9697166681289673,5,0.9192735075950622,0.01924350290635917,0.9259360432624817,0.8909484148025513,0.9394333362579346,5,0.6169313260614604,0.011579113178366365,0.6220319872684436,0.6045559583151484,0.6296821363201279,5,0.9052482777727124,0.01761645466254409,0.9136426023907157,0.8747909418339214,0.9178174190058327,5,0.9624134540557862,0.004976607597353719,0.9644534587860107,0.954833698272705,0.967191219329834,5,0.9854899216009744,0.012826434046132538,0.9911826343022379,0.9626320272126276,0.9927508570912356,5,0.9068934440612793,0.04732477528886002,0.9041478633880615,0.8536744117736816,0.9665617942810059,5,0.00289764404296875,0.0012816378009102892,0.003570556640625,0.0012054443359375,0.00408935546875,5,0.16897744608190757,0.0015958633022346003,0.16949584601409723,0.16662383923510185,0.17078097858687974,5,0.16933751717954873,0.029562819288055535,0.16546909660100936,0.12635619480162857,0.19733000129461287
jpeg,75,5,0.9640625,0.02306218043160199,0.962890625,0.935546875,0.9951171875,5,0.0,0.0,0.0,0.0,0.0,5,0.9719464981607766,0.0051526824449010045,0.9737568549803799,0.9654069697727082,0.9777841312455275,5,0.9694815218448639,0.007216252497966098,0.9674414694309235,0.9623564183712006,0.9812161922454834,5,0.9389630436897278,0.014432504995932197,0.9348829388618469,0.9247128367424011,0.9624323844909668,5,0.7262493811856146,0.005136303707564961,0.7251871298251928,0.7213329703781867,0.7340038496277665,5,0.9719133567185307,0.006055236484618739,0.9735500272127497,0.9616908883710944,0.9766765466065153,5,0.978241548538208,0.004297491370343873,0.9797582626342773,0.9716987133026123,0.9822694301605225,5,0.9981276021634038,0.0024602269673147624,0.9991281422362307,0.9937727013013004,0.9995571011056963,5,0.935373067855835,0.03161668509444923,0.9292447566986084,0.9024820327758789,0.9779915809631348,5,0.000433349609375,0.00022259011875989343,0.000492095947265625,0.00012969970703125,0.000705718994140625,5,0.12076875613603426,0.004753126565613784,0.12159263753545074,0.11382732906566453,0.12550721473081777,5,0.17337037532031535,0.030192624660583704,0.17676343485713003,0.12426549397408962,0.20009278789162638
jpeg,95,5,0.993359375,0.004998626520339737,0.994140625,0.9853515625,0.9990234375,5,0.0,0.0,0.0,0.0,0.0,5,0.9905203069194942,0.0010290489610861302,0.9906154426767638,0.9894390918415464,0.9919702106060831,5,0.9821430325508118,0.00908793701831167,0.9870375990867615,0.9673004150390625,0.988616406917572,5,0.9642860651016235,0.01817587403662334,0.974075198173523,0.934600830078125,0.977232813835144,5,0.7410868148991424,0.002478218070550701,0.7415369885466163,0.7371193228829354,0.7434417481111981,5,0.9919224058855485,0.0035657263990645717,0.9930250024325765,0.9856456013989741,0.9944859519161021,5,0.9905319690704346,0.0012939185995206157,0.9912315845489502,0.9884225845336914,0.9915977001190186,5,0.9997060676904383,0.00019042385843191795,0.9996314584364734,0.9995330666723874,0.9999448105379235,5,0.9771088123321533,0.009265133992146315,0.9734926223754883,0.9690544605255127,0.9908075332641602,5,3.814697265625e-06,8.529922399520072e-06,0.0,0.0,1.9073486328125e-05,5,0.10777708851898828,0.0017072404970296703,0.10728836393072647,0.10603357204454658,0.11037219657023808,5,0.1706200298666954,0.03443280494479148,0.18163693904876707,0.11759106233716009,0.20320992007851602
patch,10%_center_area_blurred,5,0.946484375,0.0075454858484694754,0.94921875,0.93359375,0.9521484375,5,0.0,0.0,0.0,0.0,0.0,5,0.9578100716344101,0.021257043730343036,0.9507905316677816,0.9397212222697573,0.9928523683035523,5,0.959463769197464,0.027384382391060138,0.9704525470733643,0.9180121123790741,0.986678957939148,5,0.918927538394928,0.054768764782120276,0.9409050941467285,0.8360242247581482,0.9733579158782959,5,0.7160222388361213,0.011676419806587523,0.7148600853206153,0.7006525656676736,0.7326112704174548,5,0.9399112080645948,0.028170948357874644,0.9282901771521891,0.9169448849617244,0.9863971148861048,5,0.9742799091339112,0.012626309631180601,0.9688079833984375,0.9666590213775634,0.9967403888702393,5,0.9982207168943402,0.0015878899750309157,0.9989703687070317,0.9956553132023941,0.9994606792143855,5,0.9436462879180908,0.03837025948838512,0.9395923614501953,0.9003663063049316,0.9992947578430176,5,0.0385284423828125,0.021578351913840617,0.045314788818359375,0.0002593994140625,0.051181793212890625,5,0.12973090797948497,0.009989239696714265,0.13184045684874324,0.11484640089412235,0.1420402443270646,5,0.2907992209158838,0.05957549526223349,0.30125825613737106,0.1894180397503078,0.3405244098603726
patch,20%_center_area_blurred,5,0.896484375,0.010265525410951484,0.8984375,0.87890625,0.904296875,5,0.0,0.0,0.0,0.0,0.0,5,0.916020600055787,0.03867054959117155,0.8953200065783737,0.88513009249331,0.9770222926971899,5,0.9146572589874268,0.027973622214733464,0.9168224930763245,0.8710097074508667,0.9444471001625061,5,0.8293145179748536,0.05594724442946693,0.8336449861526489,0.7420194149017334,0.8888942003250122,5,0.6817223914573854,0.016044675475577575,0.677595092528901,0.662694165108922,0.7033479635881899,5,0.8794133899254222,0.05173801447277376,0.8492722830102207,0.8378962030275862,0.9588634643825857,5,0.9461399936676025,0.024425565051414255,0.9407798767089843,0.9291774749755859,0.9882936954498291,5,0.9939628638242033,0.005047201765036518,0.9962279944269226,0.986598920394918,0.998259101705254,5,0.8977009773254394,0.06682632679106139,0.8743696212768555,0.8229842185974121,0.99147629737854,5,0.05030517578125,0.027191671774483565,0.059131622314453125,0.00246429443359375,0.06787490844726562,5,0.15910159731631718,0.014839738280255912,0.16373260160412395,0.13803763638728583,0.17530709488275814,5,0.3074012107700109,0.07613206020334665,0.32460053890943524,0.17609531439840795,0.37149704188108446
patch,5%_center_area_blurred,5,0.97109375,0.001774013879353999,0.970703125,0.96875,0.9736328125,5,0.0,0.0,0.0,0.0,0.0,5,0.979948630579964,0.010019007363784352,0.9774274526926443,0.9704761451828909,0.9965819293217739,5,0.9872547388076782,0.006242453551678207,0.9862886071205139,0.9811637103557587,0.9962411820888519,5,0.9745094776153564,0.012484907103356414,0.9725772142410278,0.9623274207115173,0.9924823641777039,5,0.7349395852582963,0.0033841472770798284,0.7347473973743022,0.7311201233933058,0.7403762404910104,5,0.971826338697048,0.012964406533220438,0.9678087502097167,0.9602062431687222,0.9935338152702923,5,0.9888623809814453,0.005428649562127887,0.9867642879486084,0.9854499340057373,0.9984577655792236,5,0.9996287285009902,0.0003442866538983045,0.9998325963001016,0.999093518926528,0.9998855178050068,5,0.9697791576385498,0.019386632783235085,0.968264102935791,0.9469730854034424,0.9993190765380859,5,0.01680145263671875,0.00983091841123704,0.019287109375,0.000156402587890625,0.024585723876953125,5,0.11375613016099827,0.003172327282286884,0.11427969572147689,0.10857687701749455,0.11726103969660803,5,0.26111595003865656,0.03983520068035046,0.25756377167999744,0.2005249455105513,0.307489073947072
resize,scale_0.5;interpolation_INTER_LINEAR,5,0.4892578125,0.011616579348994452,0.4921875,0.4716796875,0.5009765625,5,0.0,0.0,0.0,0.0,0.0,5,0.9092752368843223,0.019488088618684233,0.916897392202518,0.8837269289927026,0.9271006193485246,5,0.9850928664207459,0.009017747679324097,0.986832320690155,0.9709418714046478,0.9932309687137604,5,0.9701857328414917,0.018035495358648193,0.9736646413803101,0.9418837428092957,0.9864619374275208,5,0.5996973604280882,0.005517414547467575,0.6009702634160993,0.5938888320055871,0.6065929096796316,5,0.8779693690826208,0.01719695108013131,0.8792687246976771,0.8524500806835762,0.8944480167390754,5,0.9521161556243897,0.012007891982778275,0.955183458328247,0.9369775295257569,0.9667112827301025,5,0.9909086174735071,0.0023630948118357987,0.9907108103819583,0.9883300869639945,0.9944577864593783,5,0.8501579284667968,0.0850089803038923,0.8466219902038574,0.767963171005249,0.964336633682251,5,0.022129058837890625,0.013875573405189176,0.018238067626953125,0.005420684814453125,0.039966583251953125,5,0.1611357894249766,0.00416005941096462,0.1613761012039201,0.15715388434515878,0.16760115564190878,5,0.21000691697001458,0.05387424303538881,0.2002222694456577,0.13409688755869867,0.26239608198404313
resize,scale_0.75;interpolation_INTER_LINEAR,5,0.49609375,0.010078011445581198,0.4970703125,0.482421875,0.5078125,5,0.0,0.0,0.0,0.0,0.0,5,0.9361741767092274,0.009907611953227417,0.9413477108138367,0.9215144113454959,0.944555586624952,5,0.9872600972652436,0.006089916723678348,0.9879445433616638,0.9770463407039642,0.9923914670944214,5,0.9745201945304871,0.012179833447356696,0.9758890867233276,0.9540926814079285,0.9847829341888428,5,0.6074363020214186,0.004039176321198702,0.6074574265009475,0.6012917140275984,0.6114772304943714,5,0.9135460812918214,0.009487055577562908,0.9160061354242997,0.9030902406937469,0.9228495349086696,5,0.9640876960754394,0.007631100772383042,0.9667402267456054,0.9548863887786865,0.9733337879180908,5,0.9938617892936775,0.0019390283204983277,0.9949198207184848,0.9907433469892225,0.9953568709815517,5,0.8998483180999756,0.05310517366891638,0.9005122184753418,0.8431808948516846,0.9676439762115479,5,0.00886688232421875,0.005384677675196207,0.007648468017578125,0.002689361572265625,0.01586151123046875,5,0.15291387484517796,0.002716260646352023,0.15241961533092024,0.1489525099800906,0.15580276916745867,5,0.1811334561407566,0.03679931661884337,0.17416184827685358,0.1297507511079311,0.22055796012282372
resize,scale_1.5;interpolation_INTER_LINEAR,5,0.9234375,0.03314994592446452,0.9248046875,0.8896484375,0.9609375,5,0.0,0.0,0.0,0.0,0.0,5,0.973674382999132,0.004870301366924705,0.9757781628312368,0.965806531191075,0.9773909898742139,5,0.9964824676513672,0.001498319814042429,0.9963403940200806,0.9949364066123962,0.9985183477401733,5,0.9929649353027343,0.002996639628084858,0.9926807880401611,0.9898728132247925,0.9970366954803467,5,0.7245389918952365,0.008934555745826654,0.725862353833889,0.7141398285389352,0.7342921257722714,5,0.9720241327680139,0.005397079028620087,0.9697993396821136,0.9659529922498759,0.977821301323289,5,0.9790423583984375,0.004107353668131901,0.9805708885192871,0.9745702743530273,0.9839472293853759,5,0.9957742701154649,0.0008189452611716824,0.9957575484071449,0.9946756190363345,0.9969202899483494,5,0.9475786209106445,0.028594524400024336,0.9496724605560303,0.9112610816955566,0.9821257591247559,5,0.000482940673828125,0.0003714347828315227,0.000316619873046875,0.000110626220703125,0.000911712646484375,5,0.12201169160012501,0.006725957238226799,0.12100200456422452,0.1146948262319448,0.1301109212232375,5,0.16710914511233568,0.03211366843548223,0.16854849815368655,0.1200627699866891,0.20069180220365526
rotation,10_degrees;border_BORDER_REFLECT_101,5,0.491796875,0.013112874560829402,0.494140625,0.4697265625,0.5048828125,5,0.0,0.0,0.0,0.0,0.0,5,0.9439251321513064,0.009088840902785925,0.9403839333406236,0.9347358708745219,0.9552423515186926,5,0.9640398561954499,0.02888655813086354,0.9748715758323669,0.9133816659450531,0.9857518672943115,5,0.9280797123908997,0.05777311626172708,0.9497431516647339,0.8267633318901062,0.971503734588623,5,0.6009462020388963,0.009875871363129325,0.6034782136031651,0.5849851114584204,0.6100230499814182,5,0.9245909364176608,0.02599851938363139,0.9272001494932731,0.8863981329226455,0.9512618665375041,5,0.966699571609497,0.0032291064462953425,0.9660836696624756,0.9634850502014161,0.9717715740203857,5,0.9922497099901835,0.003314055286298029,0.9919215388108585,0.9878909335314581,0.9971162764611958,5,0.9156457424163819,0.0392654548622975,0.9217910766601562,0.864861011505127,0.9683370590209961,5,0.007088470458984375,0.0034413711603434646,0.00643157958984375,0.00301361083984375,0.012500762939453125,5,0.1580466207475469,0.011791238612105421,0.15306762350713576,0.15059497972619407,0.17868182741898764,5,0.16696485625207425,0.026977347783885254,0.1655597145855427,0.12930907465517522,0.1928419491648674
rotation,2_degrees;border_BORDER_REFLECT_101,5,0.5626953125,0.025073135212314395,0.5654296875,0.5341796875,0.5888671875,5,0.0,0.0,0.0,0.0,0.0,5,0.947512367557855,0.012914574439768046,0.9525482548319926,0.9264545772842729,0.9586476764620042,5,0.9853050529956817,0.00776886577464216,0.9896067976951599,0.9724848568439484,0.9910905361175537,5,0.9706101059913635,0.01553773154928432,0.9792135953903198,0.9449697136878967,0.9821810722351074,5,0.6257678175352756,0.0065651185688782405,0.6274871006217397,0.6172823733960026,0.6334177747881035,5,0.9299464334783297,0.017899753097862483,0.9305289223135598,0.9098341217204935,0.9516231994155188,5,0.9682643795013428,0.006343343599053161,0.9687485218048095,0.9595319271087647,0.9761740684509277,5,0.994459998959906,0.0019946852577394807,0.9940359632751719,0.9925441092240922,0.9975785193297011,5,0.9186758518218994,0.04893104665505908,0.9263508319854736,0.8500630855560303,0.9784049987792969,5,0.005517578125,0.002345906385700163,0.0048370361328125,0.0030364990234375,0.00873565673828125,5,0.1552523270091376,0.003246623369708453,0.15574554452633158,0.15048802932130462,0.15877154694116538,5,0.16509181946516036,0.03179122783857066,0.16582546055316927,0.12115793347358703,0.19551035046577453
rotation,5_degrees;border_BORDER_REFLECT_101,5,0.4935546875,0.009632886949732574,0.490234375,0.4814453125,0.50390625,5,0.0,0.0,0.0,0.0,0.0,5,0.9486029475714355,0.012135173433522321,0.9536223164555185,0.9297073590137817,0.9587639798779246,5,0.9716980338096619,0.027003524733149552,0.9807147979736328,0.9241712689399719,0.9919281005859375,5,0.9433960676193237,0.054007049466299105,0.9614295959472656,0.8483425378799438,0.983856201171875,5,0.6046186715321856,0.006305976605983027,0.6054594914388012,0.5944663389434347,0.6118898199013661,5,0.9332204080518696,0.016093991861018373,0.9297239467435872,0.912819845620397,0.953171938452546,5,0.9684516906738281,0.00586792137414518,0.9677163600921631,0.9605585098266601,0.9749538421630859,5,0.9932744133353983,0.002340030988770478,0.993226236119593,0.9905393719942406,0.9969590923733462,5,0.9169978618621826,0.04373595898806748,0.9085252285003662,0.8616995811462402,0.975365161895752,5,0.006381988525390625,0.0020577719583361027,0.006740570068359375,0.0041961669921875,0.0089874267578125,5,0.15398247291980652,0.009531047698454868,0.15227297267742573,0.1434966610632601,0.16799153089351695,5,0.16643732796609403,0.029171989051487837,0.16508005604147913,0.12320615120232105,0.193601885586977
